DROP DATABASE IF EXISTS CONTROLE_ACADEMICO;

CREATE DATABASE CONTROLE_ACADEMICO;
USE CONTROLE_ACADEMICO;

CREATE TABLE Aluno (
matricula CHAR(8) PRIMARY KEY,
dataNascimento DATE NOT NULL,
sexo ENUM('m', 'f') NOT NULL,
nome VARCHAR(50) NOT NULL,
rua VARCHAR(50) NOT NULL,
uf CHAR(2) NOT NULL,
cidade VARCHAR(20) NOT NULL,
numero SMALLINT NOT NULL,
bairro VARCHAR(20) NOT NULL,
codCurso SMALLINT NOT NULL,
CONSTRAINT u_nome_aluno UNIQUE (nome)
);

CREATE TABLE AlunoTelefone (
matricula CHAR(8),
nroTelefone CHAR(10),
PRIMARY KEY(matricula,nroTelefone),
FOREIGN KEY(matricula) REFERENCES Aluno (matricula)
);

CREATE TABLE Curso (
codCurso SMALLINT AUTO_INCREMENT PRIMARY KEY,
nome VARCHAR(40) NOT NULL,
codDepart SMALLINT NOT NULL,
CONSTRAINT u_nome_curso UNIQUE (nome)
);

CREATE TABLE Departamento (
codDepart SMALLINT AUTO_INCREMENT PRIMARY KEY,
nome VARCHAR(40) NOT NULL
);

CREATE TABLE Disciplina (
codDisciplina SMALLINT AUTO_INCREMENT PRIMARY KEY,
nome VARCHAR(50) NOT NULL,
semestre ENUM('I', 'II', 'III', 'IV', 'V', 'VI', 'VII', 'VIII', 'IX', 'X') NOT NULL DEFAULT 'I',
cargaHoraria TINYINT NOT NULL,
CONSTRAINT u_nome_disciplina UNIQUE (nome)
);

CREATE TABLE Matriculado (
matricula CHAR(8),
codDisciplina SMALLINT,
PRIMARY KEY(matricula,codDisciplina),
FOREIGN KEY(matricula) REFERENCES Aluno (matricula),
FOREIGN KEY(codDisciplina) REFERENCES Disciplina (codDisciplina)
);

CREATE TABLE Concluido (
codDisciplina SMALLINT,
matricula CHAR(8),
nota DECIMAL(3,1) NOT NULL,
PRIMARY KEY(codDisciplina,matricula),
FOREIGN KEY(codDisciplina) REFERENCES Disciplina (codDisciplina),
FOREIGN KEY(matricula) REFERENCES Aluno (matricula)
);

CREATE TABLE Ministra (
matricula CHAR(8),
codDisciplina SMALLINT,
ano YEAR NOT NULL,
semestre ENUM('I', 'II') NOT NULL,
PRIMARY KEY(matricula,codDisciplina),
FOREIGN KEY(codDisciplina) REFERENCES Disciplina (codDisciplina)
);

CREATE TABLE Prerequisito (
codDisciplina SMALLINT,
codPrerequisito SMALLINT,
PRIMARY KEY(codDisciplina,codPrerequisito),
FOREIGN KEY(codDisciplina) REFERENCES Disciplina (codDisciplina),
FOREIGN KEY(codPrerequisito) REFERENCES Disciplina (codDisciplina)
);

CREATE TABLE Professor (
matricula CHAR(8) PRIMARY KEY,
nome VARCHAR(60) NOT NULL,
titulacao ENUM('Graduação', 'Especialização', 'Mestrado', 'Doutorado') NOT NULL
);

ALTER TABLE Aluno ADD FOREIGN KEY(codCurso) REFERENCES Curso (codCurso);
ALTER TABLE Curso ADD FOREIGN KEY(codDepart) REFERENCES Departamento (codDepart);
ALTER TABLE Ministra ADD FOREIGN KEY(matricula) REFERENCES Professor (matricula);



-- ===================
-- Tabela Departamento
-- ===================
INSERT INTO Departamento (codDepart, nome) VALUES (1, 'Ciencias Agrarias');
INSERT INTO Departamento (codDepart, nome) VALUES (2, 'Ciencias Biologicas');
INSERT INTO Departamento (codDepart, nome) VALUES (3, 'Ciencias da Saude');
INSERT INTO Departamento (codDepart, nome) VALUES (4, 'Ciencias Exatas e da Terra');
INSERT INTO Departamento (codDepart, nome) VALUES (5, 'Ciencias Humanas');
INSERT INTO Departamento (codDepart, nome) VALUES (6, 'Engenharias');

-- ============
-- Tabela Curso
-- ============
INSERT INTO Curso (codCurso, nome, codDepart) VALUES (1, 'Sistemas de Informacao', 4);
INSERT INTO Curso (codCurso, nome, codDepart) VALUES (2, 'Agronomia', 1);
INSERT INTO Curso (codCurso, nome, codDepart) VALUES (3, 'Engenharia Ambiental', 6);
INSERT INTO Curso (codCurso, nome, codDepart) VALUES (4, 'Engenharia da Computacao', 6);

-- ============
-- Tabela Aluno
-- ============
-- Alunos curso de Sistemas de Informação
INSERT INTO Aluno (matricula, nome, sexo, dataNascimento, cidade, rua, bairro, uf, numero, codCurso)
	VALUES ('20120001', 'Claudio Santana Cruz', 'm', '1982-05-30', 'Itambe', 'Jardim', 'Centro', 'BA', 245, 1);
INSERT INTO Aluno (matricula, nome, sexo, dataNascimento, cidade, rua, bairro, uf, numero, codCurso)
	VALUES ('20120002', 'Matheus Carvalho Souza', 'm', '1984-06-30', 'Itambe', 'Recreio', 'Centro', 'BA', 111, 1);
INSERT INTO Aluno (matricula, nome, sexo, dataNascimento, cidade, rua, bairro, uf, numero, codCurso)
	VALUES ('20120003', 'Gustavo Pinto Brito', 'm', '1984-06-30', 'Itambe', 'Botafogo', 'Centro', 'BA', 123, 1);
INSERT INTO Aluno (matricula, nome, sexo, dataNascimento, cidade, rua, bairro, uf, numero, codCurso)
	VALUES ('20120004','Barbara de Souza Aguiar','f','1989-12-12','Vitoria da Conquista','Fluminense','Primavera','BA', 315, 1);
INSERT INTO Aluno (matricula, nome, sexo, dataNascimento, cidade, rua, bairro, uf, numero, codCurso)
	VALUES ('20120005','Joana Castro Barbosa','f','1991-06-12','Vitoria da Conquista','Centro','Primavera','BA', 122, 1);
INSERT INTO Aluno (matricula, nome, sexo, dataNascimento, cidade, rua, bairro, uf, numero, codCurso)
	VALUES ('20120006','Vitor Pinto Cardoso','m','1990-06-30','Vitoria da Conquista','Centro','Primavera','BA', 25, 1);
INSERT INTO Aluno (matricula, nome, sexo, dataNascimento, cidade, rua, bairro, uf, numero, codCurso)
	VALUES ('20120007','Marcelo Santana Souza','f','1993-06-30','Itambe','Centro','Fluminense','BA', 25, 1);
-- Alunos curso de Agronomia
INSERT INTO Aluno (matricula, nome, sexo, dataNascimento, cidade, rua, bairro, uf, numero, codCurso)
	VALUES ('20120008', 'Valeria Cruz de Jesus', 'f', '1982-04-30', 'Pocoes', 'Jardim', 'Centro', 'BA', 212, 2);
INSERT INTO Aluno (matricula, nome, sexo, dataNascimento, cidade, rua, bairro, uf, numero, codCurso)
	VALUES ('20120009', 'Creuza Carvalho Rocha', 'f', '1980-05-30', 'Pocoes', 'Recreio', 'Centro', 'BA', 226, 2);
INSERT INTO Aluno (matricula, nome, sexo, dataNascimento, cidade, rua, bairro, uf, numero, codCurso)
	VALUES ('20120010', 'Josue Pinto Cardoso', 'm', '1987-04-30', 'Vitoria da Conquista', 'Botafogo', 'Centro', 'BA', 142, 2);
INSERT INTO Aluno (matricula, nome, sexo, dataNascimento, cidade, rua, bairro, uf, numero, codCurso)
	VALUES ('20120011','Catia de Souza Aguiar','f','1989-12-11','Vitoria da Conquista','Fluminense','Primavera','BA', 315, 2);
INSERT INTO Aluno (matricula, nome, sexo, dataNascimento, cidade, rua, bairro, uf, numero, codCurso)
	VALUES ('20120012','Nelson Castro da Silva','m','1991-06-24','Vitoria da Conquista','Centro','Primavera','BA', 122, 2);
INSERT INTO Aluno (matricula, nome, sexo, dataNascimento, cidade, rua, bairro, uf, numero, codCurso)
	VALUES ('20120013','Alan Santana Morais','m','1990-04-09','Vitoria da Conquista','Alto Maron','Bela Vista','BA', 255, 2);
-- Alunos curso de Engenharia Ambiental
INSERT INTO Aluno (matricula, nome, sexo, dataNascimento, cidade, rua, bairro, uf, numero, codCurso)
	VALUES ('20120014', 'Jorge Filho de Arruda', 'm', '1982-02-28', 'Pocoes', 'Jardim', 'Centro', 'BA', 245, 3);
INSERT INTO Aluno (matricula, nome, sexo, dataNascimento, cidade, rua, bairro, uf, numero, codCurso)
	VALUES ('20120015', 'Janio Souza Brito', 'm', '1984-12-30', 'Pocoes', 'Recreio', 'Centro', 'BA', 111, 3);
INSERT INTO Aluno (matricula, nome, sexo, dataNascimento, cidade, rua, bairro, uf, numero, codCurso)
	VALUES ('20120016', 'Juliano Pinto da Cruz', 'm', '1984-11-30', 'Pocoes', 'Botafogo', 'Centro', 'BA', '123', 3);
INSERT INTO Aluno (matricula, nome, sexo, dataNascimento, cidade, rua, bairro, uf, numero, codCurso)
	VALUES ('20120017','Beatriz de Souza Cardoso','f','1989-01-12','Vitoria da Conquista','Fluminense','Primavera','BA', 315, 3);
INSERT INTO Aluno (matricula, nome, sexo, dataNascimento, cidade, rua, bairro, uf, numero, codCurso)
	VALUES ('20120018','Luana Castro Pinto','f','1991-02-12','Vitoria da Conquista','Centro','Primavera','BA', 122, 3);

-- ====================
-- Tabela AlunoTelefone
-- ====================
-- Telefones dos alunos do curso de Sistemas de Informação
INSERT INTO AlunoTelefone (matricula, nroTelefone) VALUES ('20120001', '7732612279');
INSERT INTO AlunoTelefone (matricula, nroTelefone) VALUES ('20120001', '7732612167');
INSERT INTO AlunoTelefone (matricula, nroTelefone) VALUES ('20120002', '7732612279');
INSERT INTO AlunoTelefone (matricula, nroTelefone) VALUES ('20120002', '7732621100');
INSERT INTO AlunoTelefone (matricula, nroTelefone) VALUES ('20120003', '7732612279');
INSERT INTO AlunoTelefone (matricula, nroTelefone) VALUES ('20120003', '7732630001');
INSERT INTO AlunoTelefone (matricula, nroTelefone) VALUES ('20120003', '7732621595');
INSERT INTO AlunoTelefone (matricula, nroTelefone) VALUES ('20120004', '7732639899');
INSERT INTO AlunoTelefone (matricula, nroTelefone) VALUES ('20120005', '7732611887');
INSERT INTO AlunoTelefone (matricula, nroTelefone) VALUES ('20120006', '7732611887');
INSERT INTO AlunoTelefone (matricula, nroTelefone) VALUES ('20120006', '7732612186');
INSERT INTO AlunoTelefone (matricula, nroTelefone) VALUES ('20120007', '7732631201');

-- =================
-- Tabela Disciplina
-- =================
-- Disciplinas do curso de Sistemas de Informação
INSERT INTO Disciplina (codDisciplina, nome, cargaHoraria, semestre) VALUES (1, 'Introducao a Programacao', 80, 'I');
INSERT INTO Disciplina (codDisciplina, nome, cargaHoraria, semestre) VALUES (2, 'Estrutura de Dados', 80, 'III');
INSERT INTO Disciplina (codDisciplina, nome, cargaHoraria, semestre) VALUES (3, 'Banco de Dados I', 60, 'IV');
INSERT INTO Disciplina (codDisciplina, nome, cargaHoraria, semestre) VALUES (4, 'Redes de Computadores I', 60, 'IV');
INSERT INTO Disciplina (codDisciplina, nome, cargaHoraria, semestre) VALUES (5, 'Banco de Dados II', 60, 'V');
INSERT INTO Disciplina (codDisciplina, nome, cargaHoraria, semestre) VALUES (6, 'Promogracao Web', 80, 'V');

-- Disciplinas do curso de Agronomia
INSERT INTO Disciplina (codDisciplina, nome, cargaHoraria, semestre) VALUES (7, 'Portugues', 80, 'I');
INSERT INTO Disciplina (codDisciplina, nome, cargaHoraria, semestre) VALUES (8, 'Quimica', 60, 'I');
INSERT INTO Disciplina (codDisciplina, nome, cargaHoraria, semestre) VALUES (9, 'Zootecnica', 80, 'II');
INSERT INTO Disciplina (codDisciplina, nome, cargaHoraria, semestre) VALUES (10, 'Introducao a Agropecuaria', 80, 'II');
INSERT INTO Disciplina (codDisciplina, nome, cargaHoraria, semestre) VALUES (11, 'Nutricao Animal e Forrageiras', 80, 'VI');
INSERT INTO Disciplina (codDisciplina, nome, cargaHoraria, semestre) VALUES (12, 'Criacao de Pequenos Animais', 80, 'VII');

-- Disciplinas do curso de Engenharia Ambiental
INSERT INTO Disciplina (codDisciplina, nome, cargaHoraria, semestre) VALUES (13, 'Introducao a Poluicao Ambiental', 60, 'II');
INSERT INTO Disciplina (codDisciplina, nome, cargaHoraria, semestre) VALUES (14, 'Fundamentos de Biologia Ambiental', 80, 'III');
INSERT INTO Disciplina (codDisciplina, nome, cargaHoraria, semestre) VALUES (15, 'Geotecnia Ambiental', 80, 'III');
INSERT INTO Disciplina (codDisciplina, nome, cargaHoraria, semestre) VALUES (16, 'Empresas de Engenharia Economica Ambiental', 60, 'IV');
INSERT INTO Disciplina (codDisciplina, nome, cargaHoraria, semestre) VALUES (17, 'Complexos Industriais e de Agribusiness', 40, 'VI');
INSERT INTO Disciplina (codDisciplina, nome, cargaHoraria, semestre) VALUES (18, 'Modelagem Matematica em Sistemas Ambientais', 80, 'VIII');

-- ================
-- Tabela Professor
-- ================
INSERT INTO Professor (matricula, nome, titulacao) VALUES (20120001, 'Lidiana Franca martins', 'Mestrado');
INSERT INTO Professor (matricula, nome, titulacao) VALUES (20120002, 'Fernando Bulhoes', 'Mestrado');
INSERT INTO Professor (matricula, nome, titulacao) VALUES (20120003, 'Claudio Rodolfo Oliveira', 'Mestrado');
INSERT INTO Professor (matricula, nome, titulacao) VALUES (20120004, 'Pablo Freire Matos', 'Mestrado');
INSERT INTO Professor (matricula, nome, titulacao) VALUES (20120005, 'Rosana Moura de Oliveira', 'Doutorado');

-- ===============
-- Tabela Ministra
-- ===============
-- Professores do curso de Sistemas de Informação
INSERT INTO Ministra (matricula, codDisciplina, ano, semestre) VALUES (20120004, 1, '2011', 'I');
INSERT INTO Ministra (matricula, codDisciplina, ano, semestre) VALUES (20120003, 2, '2011', 'II');
INSERT INTO Ministra (matricula, codDisciplina, ano, semestre) VALUES (20120001, 3, '2012', 'II');
INSERT INTO Ministra (matricula, codDisciplina, ano, semestre) VALUES (20120002, 4, '2012', 'I');
INSERT INTO Ministra (matricula, codDisciplina, ano, semestre) VALUES (20120004, 5, '2012', 'II');
INSERT INTO Ministra (matricula, codDisciplina, ano, semestre) VALUES (20120003, 6, '2012', 'II');

-- ===================
-- Tabela Prerequisito
-- ===================
-- Prerequisitos de Sistemas de Informação (tem como prerequisito)
INSERT INTO Prerequisito (codDisciplina, codPrerequisito) VALUES (2, 1);
INSERT INTO Prerequisito (codDisciplina, codPrerequisito) VALUES (3, 1);
INSERT INTO Prerequisito (codDisciplina, codPrerequisito) VALUES (4, 2);
INSERT INTO Prerequisito (codDisciplina, codPrerequisito) VALUES (5, 2);
INSERT INTO Prerequisito (codDisciplina, codPrerequisito) VALUES (5, 3);
INSERT INTO Prerequisito (codDisciplina, codPrerequisito) VALUES (6, 2);
INSERT INTO Prerequisito (codDisciplina, codPrerequisito) VALUES (6, 3);
INSERT INTO Prerequisito (codDisciplina, codPrerequisito) VALUES (6, 4);

-- Prerequisitos de Agronomia (tem como prerequisito)
INSERT INTO Prerequisito (codDisciplina, codPrerequisito) VALUES (9, 7);
INSERT INTO Prerequisito (codDisciplina, codPrerequisito) VALUES (9, 8);
INSERT INTO Prerequisito (codDisciplina, codPrerequisito) VALUES (10, 7);
INSERT INTO Prerequisito (codDisciplina, codPrerequisito) VALUES (10, 8);
INSERT INTO Prerequisito (codDisciplina, codPrerequisito) VALUES (11, 9);
INSERT INTO Prerequisito (codDisciplina, codPrerequisito) VALUES (12, 10);

-- Prerequisitos de Engenharia Ambiental (tem como prerequisito)
INSERT INTO Prerequisito (codDisciplina, codPrerequisito) VALUES (15, 13);
INSERT INTO Prerequisito (codDisciplina, codPrerequisito) VALUES (16, 13);
INSERT INTO Prerequisito (codDisciplina, codPrerequisito) VALUES (17, 14);
INSERT INTO Prerequisito (codDisciplina, codPrerequisito) VALUES (17, 16);
INSERT INTO Prerequisito (codDisciplina, codPrerequisito) VALUES (18, 13);

-- ===================
-- Tabela Matriculado
-- ===================
-- Alunos de Sistemas de Informação
INSERT INTO Matriculado (matricula, codDisciplina) VALUES ('20120001', 1);
INSERT INTO Matriculado (matricula, codDisciplina) VALUES ('20120002', 1);
INSERT INTO Matriculado (matricula, codDisciplina) VALUES ('20120003', 1);
INSERT INTO Matriculado (matricula, codDisciplina) VALUES ('20120004', 1);
INSERT INTO Matriculado (matricula, codDisciplina) VALUES ('20120005', 1);
INSERT INTO Matriculado (matricula, codDisciplina) VALUES ('20120006', 1);
INSERT INTO Matriculado (matricula, codDisciplina) VALUES ('20120007', 1);
INSERT INTO Matriculado (matricula, codDisciplina) VALUES ('20120001', 2);
INSERT INTO Matriculado (matricula, codDisciplina) VALUES ('20120002', 2);
INSERT INTO Matriculado (matricula, codDisciplina) VALUES ('20120003', 2);
INSERT INTO Matriculado (matricula, codDisciplina) VALUES ('20120004', 2);
INSERT INTO Matriculado (matricula, codDisciplina) VALUES ('20120005', 2);
INSERT INTO Matriculado (matricula, codDisciplina) VALUES ('20120006', 2);
INSERT INTO Matriculado (matricula, codDisciplina) VALUES ('20120007', 2);
INSERT INTO Matriculado (matricula, codDisciplina) VALUES ('20120001', 3);
INSERT INTO Matriculado (matricula, codDisciplina) VALUES ('20120002', 3);
INSERT INTO Matriculado (matricula, codDisciplina) VALUES ('20120003', 3);
INSERT INTO Matriculado (matricula, codDisciplina) VALUES ('20120004', 3);
INSERT INTO Matriculado (matricula, codDisciplina) VALUES ('20120005', 3);
INSERT INTO Matriculado (matricula, codDisciplina) VALUES ('20120006', 3);
INSERT INTO Matriculado (matricula, codDisciplina) VALUES ('20120007', 3);
INSERT INTO Matriculado (matricula, codDisciplina) VALUES ('20120001', 4);
INSERT INTO Matriculado (matricula, codDisciplina) VALUES ('20120002', 4);
INSERT INTO Matriculado (matricula, codDisciplina) VALUES ('20120003', 4);
INSERT INTO Matriculado (matricula, codDisciplina) VALUES ('20120004', 4);
INSERT INTO Matriculado (matricula, codDisciplina) VALUES ('20120005', 4);
INSERT INTO Matriculado (matricula, codDisciplina) VALUES ('20120006', 4);
INSERT INTO Matriculado (matricula, codDisciplina) VALUES ('20120007', 4);
INSERT INTO Matriculado (matricula, codDisciplina) VALUES ('20120001', 5);
INSERT INTO Matriculado (matricula, codDisciplina) VALUES ('20120002', 5);
INSERT INTO Matriculado (matricula, codDisciplina) VALUES ('20120003', 5);
INSERT INTO Matriculado (matricula, codDisciplina) VALUES ('20120004', 5);
INSERT INTO Matriculado (matricula, codDisciplina) VALUES ('20120005', 5);
INSERT INTO Matriculado (matricula, codDisciplina) VALUES ('20120006', 5);
INSERT INTO Matriculado (matricula, codDisciplina) VALUES ('20120007', 5);
INSERT INTO Matriculado (matricula, codDisciplina) VALUES ('20120001', 6);
INSERT INTO Matriculado (matricula, codDisciplina) VALUES ('20120002', 6);
INSERT INTO Matriculado (matricula, codDisciplina) VALUES ('20120003', 6);
INSERT INTO Matriculado (matricula, codDisciplina) VALUES ('20120004', 6);
INSERT INTO Matriculado (matricula, codDisciplina) VALUES ('20120005', 6);
INSERT INTO Matriculado (matricula, codDisciplina) VALUES ('20120006', 6);
INSERT INTO Matriculado (matricula, codDisciplina) VALUES ('20120007', 6);
-- Alunos de Agronomia
INSERT INTO Matriculado (matricula, codDisciplina) VALUES ('20120008', 7);
INSERT INTO Matriculado (matricula, codDisciplina) VALUES ('20120009', 7);
INSERT INTO Matriculado (matricula, codDisciplina) VALUES ('20120010', 7);
INSERT INTO Matriculado (matricula, codDisciplina) VALUES ('20120011', 7);
INSERT INTO Matriculado (matricula, codDisciplina) VALUES ('20120012', 7);
INSERT INTO Matriculado (matricula, codDisciplina) VALUES ('20120013', 7);
INSERT INTO Matriculado (matricula, codDisciplina) VALUES ('20120008', 8);
INSERT INTO Matriculado (matricula, codDisciplina) VALUES ('20120009', 8);
INSERT INTO Matriculado (matricula, codDisciplina) VALUES ('20120010', 8);
INSERT INTO Matriculado (matricula, codDisciplina) VALUES ('20120011', 8);
INSERT INTO Matriculado (matricula, codDisciplina) VALUES ('20120012', 8);
INSERT INTO Matriculado (matricula, codDisciplina) VALUES ('20120013', 8);
INSERT INTO Matriculado (matricula, codDisciplina) VALUES ('20120008', 9);
INSERT INTO Matriculado (matricula, codDisciplina) VALUES ('20120009', 9);
INSERT INTO Matriculado (matricula, codDisciplina) VALUES ('20120010', 9);
INSERT INTO Matriculado (matricula, codDisciplina) VALUES ('20120011', 9);
INSERT INTO Matriculado (matricula, codDisciplina) VALUES ('20120012', 9);
INSERT INTO Matriculado (matricula, codDisciplina) VALUES ('20120013', 9);
INSERT INTO Matriculado (matricula, codDisciplina) VALUES ('20120008', 10);
INSERT INTO Matriculado (matricula, codDisciplina) VALUES ('20120009', 10);
INSERT INTO Matriculado (matricula, codDisciplina) VALUES ('20120010', 10);
INSERT INTO Matriculado (matricula, codDisciplina) VALUES ('20120011', 10);
INSERT INTO Matriculado (matricula, codDisciplina) VALUES ('20120012', 10);
INSERT INTO Matriculado (matricula, codDisciplina) VALUES ('20120013', 10);
INSERT INTO Matriculado (matricula, codDisciplina) VALUES ('20120008', 11);
INSERT INTO Matriculado (matricula, codDisciplina) VALUES ('20120009', 11);
INSERT INTO Matriculado (matricula, codDisciplina) VALUES ('20120010', 11);
INSERT INTO Matriculado (matricula, codDisciplina) VALUES ('20120011', 11);
INSERT INTO Matriculado (matricula, codDisciplina) VALUES ('20120012', 11);
INSERT INTO Matriculado (matricula, codDisciplina) VALUES ('20120013', 11);
INSERT INTO Matriculado (matricula, codDisciplina) VALUES ('20120008', 12);
INSERT INTO Matriculado (matricula, codDisciplina) VALUES ('20120009', 12);
INSERT INTO Matriculado (matricula, codDisciplina) VALUES ('20120010', 12);
INSERT INTO Matriculado (matricula, codDisciplina) VALUES ('20120011', 12);
INSERT INTO Matriculado (matricula, codDisciplina) VALUES ('20120012', 12);
INSERT INTO Matriculado (matricula, codDisciplina) VALUES ('20120013', 12);
-- Alunos de Engenharia Ambiental
INSERT INTO Matriculado (matricula, codDisciplina) VALUES ('20120014', 13);
INSERT INTO Matriculado (matricula, codDisciplina) VALUES ('20120015', 13);
INSERT INTO Matriculado (matricula, codDisciplina) VALUES ('20120016', 13);
INSERT INTO Matriculado (matricula, codDisciplina) VALUES ('20120017', 13);
INSERT INTO Matriculado (matricula, codDisciplina) VALUES ('20120018', 13);
INSERT INTO Matriculado (matricula, codDisciplina) VALUES ('20120014', 14);
INSERT INTO Matriculado (matricula, codDisciplina) VALUES ('20120015', 14);
INSERT INTO Matriculado (matricula, codDisciplina) VALUES ('20120016', 14);
INSERT INTO Matriculado (matricula, codDisciplina) VALUES ('20120017', 14);
INSERT INTO Matriculado (matricula, codDisciplina) VALUES ('20120018', 14);
INSERT INTO Matriculado (matricula, codDisciplina) VALUES ('20120014', 15);
INSERT INTO Matriculado (matricula, codDisciplina) VALUES ('20120015', 15);
INSERT INTO Matriculado (matricula, codDisciplina) VALUES ('20120016', 15);
INSERT INTO Matriculado (matricula, codDisciplina) VALUES ('20120017', 15);
INSERT INTO Matriculado (matricula, codDisciplina) VALUES ('20120018', 15);
INSERT INTO Matriculado (matricula, codDisciplina) VALUES ('20120014', 16);
INSERT INTO Matriculado (matricula, codDisciplina) VALUES ('20120015', 16);
INSERT INTO Matriculado (matricula, codDisciplina) VALUES ('20120016', 16);
INSERT INTO Matriculado (matricula, codDisciplina) VALUES ('20120017', 16);
INSERT INTO Matriculado (matricula, codDisciplina) VALUES ('20120018', 16);
INSERT INTO Matriculado (matricula, codDisciplina) VALUES ('20120014', 17);
INSERT INTO Matriculado (matricula, codDisciplina) VALUES ('20120015', 17);
INSERT INTO Matriculado (matricula, codDisciplina) VALUES ('20120016', 17);
INSERT INTO Matriculado (matricula, codDisciplina) VALUES ('20120017', 17);
INSERT INTO Matriculado (matricula, codDisciplina) VALUES ('20120018', 17);
INSERT INTO Matriculado (matricula, codDisciplina) VALUES ('20120014', 18);
INSERT INTO Matriculado (matricula, codDisciplina) VALUES ('20120015', 18);
INSERT INTO Matriculado (matricula, codDisciplina) VALUES ('20120016', 18);
INSERT INTO Matriculado (matricula, codDisciplina) VALUES ('20120017', 18);
INSERT INTO Matriculado (matricula, codDisciplina) VALUES ('20120018', 18);

-- ================
-- Tabela Concluido
-- ================
-- Alunos de Sistemas de Informação
INSERT INTO Concluido (matricula, codDisciplina, nota) VALUES ('20120001', 1, 7.7);
INSERT INTO Concluido (matricula, codDisciplina, nota) VALUES ('20120002', 1, 7.8);
INSERT INTO Concluido (matricula, codDisciplina, nota) VALUES ('20120003', 1, 6.7);
INSERT INTO Concluido (matricula, codDisciplina, nota) VALUES ('20120004', 1, 8.4);
INSERT INTO Concluido (matricula, codDisciplina, nota) VALUES ('20120005', 1, 6.7);
INSERT INTO Concluido (matricula, codDisciplina, nota) VALUES ('20120006', 1, 7.8);
INSERT INTO Concluido (matricula, codDisciplina, nota) VALUES ('20120007', 1, 6.7);
INSERT INTO Concluido (matricula, codDisciplina, nota) VALUES ('20120001', 2, 7.4);
INSERT INTO Concluido (matricula, codDisciplina, nota) VALUES ('20120002', 2, 3.5);
INSERT INTO Concluido (matricula, codDisciplina, nota) VALUES ('20120003', 2, 3.8);
INSERT INTO Concluido (matricula, codDisciplina, nota) VALUES ('20120004', 2, 2.5);
INSERT INTO Concluido (matricula, codDisciplina, nota) VALUES ('20120005', 2, 7.8);
INSERT INTO Concluido (matricula, codDisciplina, nota) VALUES ('20120006', 2, 3.5);
INSERT INTO Concluido (matricula, codDisciplina, nota) VALUES ('20120007', 2, 3.0);
INSERT INTO Concluido (matricula, codDisciplina, nota) VALUES ('20120001', 3, 2.2);
INSERT INTO Concluido (matricula, codDisciplina, nota) VALUES ('20120002', 3, 9.7);
INSERT INTO Concluido (matricula, codDisciplina, nota) VALUES ('20120003', 3, 4.7);
INSERT INTO Concluido (matricula, codDisciplina, nota) VALUES ('20120004', 3, 8.5);
INSERT INTO Concluido (matricula, codDisciplina, nota) VALUES ('20120005', 3, 4.2);
INSERT INTO Concluido (matricula, codDisciplina, nota) VALUES ('20120006', 3, 6.9);
INSERT INTO Concluido (matricula, codDisciplina, nota) VALUES ('20120007', 3, 4.7);
INSERT INTO Concluido (matricula, codDisciplina, nota) VALUES ('20120001', 4, 5.1);
INSERT INTO Concluido (matricula, codDisciplina, nota) VALUES ('20120002', 4, 9.3);
INSERT INTO Concluido (matricula, codDisciplina, nota) VALUES ('20120003', 4, 4.0);
INSERT INTO Concluido (matricula, codDisciplina, nota) VALUES ('20120004', 4, 5.0);
INSERT INTO Concluido (matricula, codDisciplina, nota) VALUES ('20120005', 4, 6.2);
INSERT INTO Concluido (matricula, codDisciplina, nota) VALUES ('20120006', 4, 7.3);
INSERT INTO Concluido (matricula, codDisciplina, nota) VALUES ('20120007', 4, 8.9);
-- Alunos de Agronomia
INSERT INTO Concluido (matricula, codDisciplina, nota) VALUES ('20120008', 7, 6.6);
INSERT INTO Concluido (matricula, codDisciplina, nota) VALUES ('20120009', 7, 8.6);
INSERT INTO Concluido (matricula, codDisciplina, nota) VALUES ('20120010', 7, 9.7);
INSERT INTO Concluido (matricula, codDisciplina, nota) VALUES ('20120011', 7, 8.1);
INSERT INTO Concluido (matricula, codDisciplina, nota) VALUES ('20120012', 7, 9.2);
INSERT INTO Concluido (matricula, codDisciplina, nota) VALUES ('20120013', 7, 7.3);
INSERT INTO Concluido (matricula, codDisciplina, nota) VALUES ('20120008', 8, 6.6);
INSERT INTO Concluido (matricula, codDisciplina, nota) VALUES ('20120009', 8, 5.7);
INSERT INTO Concluido (matricula, codDisciplina, nota) VALUES ('20120010', 8, 7.0);
INSERT INTO Concluido (matricula, codDisciplina, nota) VALUES ('20120011', 8, 5.0);
INSERT INTO Concluido (matricula, codDisciplina, nota) VALUES ('20120012', 8, 6.0);
INSERT INTO Concluido (matricula, codDisciplina, nota) VALUES ('20120013', 8, 5.7);
INSERT INTO Concluido (matricula, codDisciplina, nota) VALUES ('20120008', 9, 6.9);
INSERT INTO Concluido (matricula, codDisciplina, nota) VALUES ('20120009', 9, 5.1);
INSERT INTO Concluido (matricula, codDisciplina, nota) VALUES ('20120010', 9, 6.8);
INSERT INTO Concluido (matricula, codDisciplina, nota) VALUES ('20120011', 9, 7.4);
INSERT INTO Concluido (matricula, codDisciplina, nota) VALUES ('20120012', 9, 7.0);
INSERT INTO Concluido (matricula, codDisciplina, nota) VALUES ('20120013', 9, 8.0);
INSERT INTO Concluido (matricula, codDisciplina, nota) VALUES ('20120008', 10, 7.1);
INSERT INTO Concluido (matricula, codDisciplina, nota) VALUES ('20120009', 10, 6.2);
INSERT INTO Concluido (matricula, codDisciplina, nota) VALUES ('20120010', 10, 8.9);
INSERT INTO Concluido (matricula, codDisciplina, nota) VALUES ('20120011', 10, 7.0);
INSERT INTO Concluido (matricula, codDisciplina, nota) VALUES ('20120012', 10, 6.0);
INSERT INTO Concluido (matricula, codDisciplina, nota) VALUES ('20120013', 10, 10.0);

-- Use esses comandos para uma navegação rápida para se ver tudo o que foi implementado no BD

show columns from aluno;
show columns from alunotelefone;
show columns from concluido;
show columns from curso;
show columns from departamento;
show columns from disciplina;
show columns from matriculado;
show columns from ministra;
show columns from prerequisito;
show columns from professor;

select *from aluno;
select *from alunotelefone;
select *from concluido;
select *from curso;
select *from departamento;
select *from disciplina;
select *from matriculado;
select *from ministra;
select *from prerequisito;
select *from professor;